kpi_enum,territory,territory_code,group,value,cnt_cost_not_null,layer,value_data,value_data_prev,month,year,territory_en
land_market_average_price_per_ga,Україна,UA00000000000000000,,67428.73,,-1,,,7,2025,Ukraine
land_market_average_price_per_ga,Вінницька область,UA05000000000010236,,53315.22,,-1,,,7,2025,"Vinnytsia Oblast, Ukraine"
land_market_average_price_per_ga,Волинська область,UA07000000000024379,,43549.21,,-1,,,7,2025,"Volyn Oblast, Ukraine"
land_market_average_price_per_ga,Дніпропетровська область,UA12000000000090473,,40331.56,,-1,,,7,2025,"Dnipropetrovsk Oblast, Ukraine"
land_market_average_price_per_ga,Донецька область,UA14000000000091971,,29849.54,,-1,,,7,2025,"Donetsk Oblast, Ukraine"
land_market_average_price_per_ga,Житомирська область,UA18000000000041385,,40817.72,,-1,,,7,2025,"Zhytomyr Oblast, Ukraine"
land_market_average_price_per_ga,Закарпатська область,UA21000000000011690,,59916.52,,-1,,,7,2025,"Zakarpattia Oblast, Ukraine"
land_market_average_price_per_ga,Запорізька область,UA23000000000064947,,27308.95,,-1,,,7,2025,"Zaporizhzhia Oblast, Ukraine"
land_market_average_price_per_ga,Івано-Франківська область,UA26000000000069363,,118191.12,,-1,,,7,2025,"Ivano-Frankivsk Oblast, Ukraine"
land_market_average_price_per_ga,Київська область,UA32000000000030281,,89909.27,,-1,,,7,2025,"Kyiv Oblast, Ukraine"
land_market_average_price_per_ga,Кіровоградська область,UA35000000000016081,,38241.53,,-1,,,7,2025,"Kirovohrad Oblast, Ukraine"
land_market_average_price_per_ga,Луганська область,UA44000000000018893,,25875.09,,-1,,,7,2025,"Luhansk Oblast, Ukraine"
land_market_average_price_per_ga,Львівська область,UA46000000000026241,,95608.51,,-1,,,7,2025,"Lviv Oblast, Ukraine"
land_market_average_price_per_ga,Миколаївська область,UA48000000000039575,,32173.94,,-1,,,7,2025,"Mykolaiv Oblast, Ukraine"
land_market_average_price_per_ga,Одеська область,UA51000000000030770,,38526.53,,-1,,,7,2025,"Odesa Oblast, Ukraine"
land_market_average_price_per_ga,Полтавська область,UA53000000000028050,,52226.23,,-1,,,7,2025,"Poltava Oblast, Ukraine"
land_market_average_price_per_ga,Рівненська область,UA56000000000066151,,52797.13,,-1,,,7,2025,"Rivne Oblast, Ukraine"
land_market_average_price_per_ga,Сумська область,UA59000000000057109,,35227.53,,-1,,,7,2025,"Sumy Oblast, Ukraine"
land_market_average_price_per_ga,Тернопільська область,UA61000000000060328,,63244.74,,-1,,,7,2025,"Ternopil Oblast, Ukraine"
land_market_average_price_per_ga,Харківська область,UA63000000000041885,,36255.72,,-1,,,7,2025,"Kharkiv Oblast, Ukraine"
land_market_average_price_per_ga,Херсонська область,UA65000000000030969,,25309.16,,-1,,,7,2025,"Kherson Oblast, Ukraine"
land_market_average_price_per_ga,Хмельницька область,UA68000000000099709,,50539.27,,-1,,,7,2025,"Khmelnytskyi Oblast, Ukraine"
land_market_average_price_per_ga,Черкаська область,UA71000000000010357,,46127.15,,-1,,,7,2025,"Cherkasy Oblast, Ukraine"
land_market_average_price_per_ga,Чернівецька область,UA73000000000044923,,56082.96,,-1,,,7,2025,"Chernivtsi Oblast, Ukraine"
land_market_average_price_per_ga,Чернігівська область,UA74000000000025378,,36795.92,,-1,,,7,2025,"Chernihiv Oblast, Ukraine"
land_market_average_price_per_ga,Україна,UA00000000000000000,,62650.86,,-1,,,8,2025,Ukraine
land_market_average_price_per_ga,Вінницька область,UA05000000000010236,,53919.92,,-1,,,8,2025,"Vinnytsia Oblast, Ukraine"
land_market_average_price_per_ga,Волинська область,UA07000000000024379,,44395.94,,-1,,,8,2025,"Volyn Oblast, Ukraine"
land_market_average_price_per_ga,Дніпропетровська область,UA12000000000090473,,40326.31,,-1,,,8,2025,"Dnipropetrovsk Oblast, Ukraine"
land_market_average_price_per_ga,Донецька область,UA14000000000091971,,29951.23,,-1,,,8,2025,"Donetsk Oblast, Ukraine"
land_market_average_price_per_ga,Житомирська область,UA18000000000041385,,41231.34,,-1,,,8,2025,"Zhytomyr Oblast, Ukraine"
land_market_average_price_per_ga,Закарпатська область,UA21000000000011690,,61278.83,,-1,,,8,2025,"Zakarpattia Oblast, Ukraine"
land_market_average_price_per_ga,Запорізька область,UA23000000000064947,,27359.01,,-1,,,8,2025,"Zaporizhzhia Oblast, Ukraine"
land_market_average_price_per_ga,Івано-Франківська область,UA26000000000069363,,121001.77,,-1,,,8,2025,"Ivano-Frankivsk Oblast, Ukraine"
land_market_average_price_per_ga,Київська область,UA32000000000030281,,90102.13,,-1,,,8,2025,"Kyiv Oblast, Ukraine"
land_market_average_price_per_ga,Кіровоградська область,UA35000000000016081,,38686.86,,-1,,,8,2025,"Kirovohrad Oblast, Ukraine"
land_market_average_price_per_ga,Луганська область,UA44000000000018893,,25875.09,,-1,,,8,2025,"Luhansk Oblast, Ukraine"
land_market_average_price_per_ga,Львівська область,UA46000000000026241,,97338.01,,-1,,,8,2025,"Lviv Oblast, Ukraine"
land_market_average_price_per_ga,Миколаївська область,UA48000000000039575,,32203.35,,-1,,,8,2025,"Mykolaiv Oblast, Ukraine"
land_market_average_price_per_ga,Одеська область,UA51000000000030770,,38913.24,,-1,,,8,2025,"Odesa Oblast, Ukraine"
land_market_average_price_per_ga,Полтавська область,UA53000000000028050,,52827.98,,-1,,,8,2025,"Poltava Oblast, Ukraine"
land_market_average_price_per_ga,Рівненська область,UA56000000000066151,,53289.63,,-1,,,8,2025,"Rivne Oblast, Ukraine"
land_market_average_price_per_ga,Сумська область,UA59000000000057109,,35763.03,,-1,,,8,2025,"Sumy Oblast, Ukraine"
land_market_average_price_per_ga,Тернопільська область,UA61000000000060328,,64400.16,,-1,,,8,2025,"Ternopil Oblast, Ukraine"
land_market_average_price_per_ga,Харківська область,UA63000000000041885,,36556.98,,-1,,,8,2025,"Kharkiv Oblast, Ukraine"
land_market_average_price_per_ga,Херсонська область,UA65000000000030969,,25365.56,,-1,,,8,2025,"Kherson Oblast, Ukraine"
land_market_average_price_per_ga,Хмельницька область,UA68000000000099709,,51210.23,,-1,,,8,2025,"Khmelnytskyi Oblast, Ukraine"
land_market_average_price_per_ga,Черкаська область,UA71000000000010357,,46711.11,,-1,,,8,2025,"Cherkasy Oblast, Ukraine"
land_market_average_price_per_ga,Чернівецька область,UA73000000000044923,,56614.12,,-1,,,8,2025,"Chernivtsi Oblast, Ukraine"
land_market_average_price_per_ga,Чернігівська область,UA74000000000025378,,36918.05,,-1,,,8,2025,"Chernihiv Oblast, Ukraine"
land_market_average_price_per_ga,Україна,UA00000000000000000,,60494.5,,-1,,,9,2025,Ukraine
land_market_average_price_per_ga,Вінницька область,UA05000000000010236,,55093.64,,-1,,,9,2025,"Vinnytsia Oblast, Ukraine"
land_market_average_price_per_ga,Волинська область,UA07000000000024379,,45168.23,,-1,,,9,2025,"Volyn Oblast, Ukraine"
land_market_average_price_per_ga,Дніпропетровська область,UA12000000000090473,,40290.38,,-1,,,9,2025,"Dnipropetrovsk Oblast, Ukraine"
land_market_average_price_per_ga,Донецька область,UA14000000000091971,,29963.51,,-1,,,9,2025,"Donetsk Oblast, Ukraine"
land_market_average_price_per_ga,Житомирська область,UA18000000000041385,,42145.24,,-1,,,9,2025,"Zhytomyr Oblast, Ukraine"
land_market_average_price_per_ga,Закарпатська область,UA21000000000011690,,62353.96,,-1,,,9,2025,"Zakarpattia Oblast, Ukraine"
land_market_average_price_per_ga,Запорізька область,UA23000000000064947,,27508.95,,-1,,,9,2025,"Zaporizhzhia Oblast, Ukraine"
land_market_average_price_per_ga,Івано-Франківська область,UA26000000000069363,,123949.98,,-1,,,9,2025,"Ivano-Frankivsk Oblast, Ukraine"
land_market_average_price_per_ga,Київська область,UA32000000000030281,,90520.73,,-1,,,9,2025,"Kyiv Oblast, Ukraine"
land_market_average_price_per_ga,Кіровоградська область,UA35000000000016081,,39119.68,,-1,,,9,2025,"Kirovohrad Oblast, Ukraine"
land_market_average_price_per_ga,Луганська область,UA44000000000018893,,25874.9,,-1,,,9,2025,"Luhansk Oblast, Ukraine"
land_market_average_price_per_ga,Львівська область,UA46000000000026241,,99512.97,,-1,,,9,2025,"Lviv Oblast, Ukraine"
land_market_average_price_per_ga,Миколаївська область,UA48000000000039575,,32313.68,,-1,,,9,2025,"Mykolaiv Oblast, Ukraine"
land_market_average_price_per_ga,Одеська область,UA51000000000030770,,38943.37,,-1,,,9,2025,"Odesa Oblast, Ukraine"
land_market_average_price_per_ga,Полтавська область,UA53000000000028050,,53468.91,,-1,,,9,2025,"Poltava Oblast, Ukraine"
land_market_average_price_per_ga,Рівненська область,UA56000000000066151,,53607.47,,-1,,,9,2025,"Rivne Oblast, Ukraine"
land_market_average_price_per_ga,Сумська область,UA59000000000057109,,35819.57,,-1,,,9,2025,"Sumy Oblast, Ukraine"
land_market_average_price_per_ga,Тернопільська область,UA61000000000060328,,66486.04,,-1,,,9,2025,"Ternopil Oblast, Ukraine"
land_market_average_price_per_ga,Харківська область,UA63000000000041885,,36852.9,,-1,,,9,2025,"Kharkiv Oblast, Ukraine"
land_market_average_price_per_ga,Херсонська область,UA65000000000030969,,25416.78,,-1,,,9,2025,"Kherson Oblast, Ukraine"
land_market_average_price_per_ga,Хмельницька область,UA68000000000099709,,51718.31,,-1,,,9,2025,"Khmelnytskyi Oblast, Ukraine"
land_market_average_price_per_ga,Черкаська область,UA71000000000010357,,47602.7,,-1,,,9,2025,"Cherkasy Oblast, Ukraine"
land_market_average_price_per_ga,Чернівецька область,UA73000000000044923,,58039.06,,-1,,,9,2025,"Chernivtsi Oblast, Ukraine"
land_market_average_price_per_ga,Чернігівська область,UA74000000000025378,,37157.3,,-1,,,9,2025,"Chernihiv Oblast, Ukraine"
land_market_average_price_per_ga,Україна,UA00000000000000000,,62367.4,,-1,,,10,2025,Ukraine
land_market_average_price_per_ga,Вінницька область,UA05000000000010236,,55723.6317334676,,-1,,,10,2025,"Vinnytsia Oblast, Ukraine"
land_market_average_price_per_ga,Волинська область,UA07000000000024379,,45512.6506507731,,-1,,,10,2025,"Volyn Oblast, Ukraine"
land_market_average_price_per_ga,Дніпропетровська область,UA12000000000090473,,40362.0510044659,,-1,,,10,2025,"Dnipropetrovsk Oblast, Ukraine"
land_market_average_price_per_ga,Донецька область,UA14000000000091971,,29995.0836291185,,-1,,,10,2025,"Donetsk Oblast, Ukraine"
land_market_average_price_per_ga,Житомирська область,UA18000000000041385,,43078.6908050735,,-1,,,10,2025,"Zhytomyr Oblast, Ukraine"
land_market_average_price_per_ga,Закарпатська область,UA21000000000011690,,64613.2424444686,,-1,,,10,2025,"Zakarpattia Oblast, Ukraine"
land_market_average_price_per_ga,Запорізька область,UA23000000000064947,,27776.7903444666,,-1,,,10,2025,"Zaporizhzhia Oblast, Ukraine"
land_market_average_price_per_ga,Івано-Франківська область,UA26000000000069363,,124586.651208872,,-1,,,10,2025,"Ivano-Frankivsk Oblast, Ukraine"
land_market_average_price_per_ga,Київська область,UA32000000000030281,,91567.6284906601,,-1,,,10,2025,"Kyiv Oblast, Ukraine"
land_market_average_price_per_ga,Кіровоградська область,UA35000000000016081,,39453.7944330645,,-1,,,10,2025,"Kirovohrad Oblast, Ukraine"
land_market_average_price_per_ga,Луганська область,UA44000000000018893,,25874.9,,-1,,,10,2025,"Luhansk Oblast, Ukraine"
land_market_average_price_per_ga,Львівська область,UA46000000000026241,,100990.021822477,,-1,,,10,2025,"Lviv Oblast, Ukraine"
land_market_average_price_per_ga,Миколаївська область,UA48000000000039575,,32352.6670720687,,-1,,,10,2025,"Mykolaiv Oblast, Ukraine"
land_market_average_price_per_ga,Одеська область,UA51000000000030770,,38876.1998464118,,-1,,,10,2025,"Odesa Oblast, Ukraine"
land_market_average_price_per_ga,Полтавська область,UA53000000000028050,,54019.6526293638,,-1,,,10,2025,"Poltava Oblast, Ukraine"
land_market_average_price_per_ga,Рівненська область,UA56000000000066151,,53970.6529293081,,-1,,,10,2025,"Rivne Oblast, Ukraine"
land_market_average_price_per_ga,Сумська область,UA59000000000057109,,35994.5341041527,,-1,,,10,2025,"Sumy Oblast, Ukraine"
land_market_average_price_per_ga,Тернопільська область,UA61000000000060328,,66740.3262062811,,-1,,,10,2025,"Ternopil Oblast, Ukraine"
land_market_average_price_per_ga,Харківська область,UA63000000000041885,,37149.0721852402,,-1,,,10,2025,"Kharkiv Oblast, Ukraine"
land_market_average_price_per_ga,Херсонська область,UA65000000000030969,,25463.1962212146,,-1,,,10,2025,"Kherson Oblast, Ukraine"
land_market_average_price_per_ga,Хмельницька область,UA68000000000099709,,52231.5321432595,,-1,,,10,2025,"Khmelnytskyi Oblast, Ukraine"
land_market_average_price_per_ga,Черкаська область,UA71000000000010357,,48444.9669410778,,-1,,,10,2025,"Cherkasy Oblast, Ukraine"
land_market_average_price_per_ga,Чернівецька область,UA73000000000044923,,58810.8558604492,,-1,,,10,2025,"Chernivtsi Oblast, Ukraine"
land_market_average_price_per_ga,Чернігівська область,UA74000000000025378,,37282.5839500928,,-1,,,10,2025,"Chernihiv Oblast, Ukraine"
land_market_average_price_per_ga,Україна,UA00000000000000000,,63565.24,,-1,,,11,2025,Ukraine
land_market_average_price_per_ga,Вінницька область,UA05000000000010236,,56255.03,,-1,,,11,2025,"Vinnytsia Oblast, Ukraine"
land_market_average_price_per_ga,Волинська область,UA07000000000024379,,45725.64,,-1,,,11,2025,"Volyn Oblast, Ukraine"
land_market_average_price_per_ga,Дніпропетровська область,UA12000000000090473,,40931.95,,-1,,,11,2025,"Dnipropetrovsk Oblast, Ukraine"
land_market_average_price_per_ga,Донецька область,UA14000000000091971,,30038.27,,-1,,,11,2025,"Donetsk Oblast, Ukraine"
land_market_average_price_per_ga,Житомирська область,UA18000000000041385,,43302.33,,-1,,,11,2025,"Zhytomyr Oblast, Ukraine"
land_market_average_price_per_ga,Закарпатська область,UA21000000000011690,,68133.54,,-1,,,11,2025,"Zakarpattia Oblast, Ukraine"
land_market_average_price_per_ga,Запорізька область,UA23000000000064947,,28018.53,,-1,,,11,2025,"Zaporizhzhia Oblast, Ukraine"
land_market_average_price_per_ga,Івано-Франківська область,UA26000000000069363,,125979.14,,-1,,,11,2025,"Ivano-Frankivsk Oblast, Ukraine"
land_market_average_price_per_ga,Київська область,UA32000000000030281,,92016.39,,-1,,,11,2025,"Kyiv Oblast, Ukraine"
land_market_average_price_per_ga,Кіровоградська область,UA35000000000016081,,39692.27,,-1,,,11,2025,"Kirovohrad Oblast, Ukraine"
land_market_average_price_per_ga,Луганська область,UA44000000000018893,,25874.9,,-1,,,11,2025,"Luhansk Oblast, Ukraine"
land_market_average_price_per_ga,Львівська область,UA46000000000026241,,101303.24,,-1,,,11,2025,"Lviv Oblast, Ukraine"
land_market_average_price_per_ga,Миколаївська область,UA48000000000039575,,32451.09,,-1,,,11,2025,"Mykolaiv Oblast, Ukraine"
land_market_average_price_per_ga,Одеська область,UA51000000000030770,,39153.67,,-1,,,11,2025,"Odesa Oblast, Ukraine"
land_market_average_price_per_ga,Полтавська область,UA53000000000028050,,54425.45,,-1,,,11,2025,"Poltava Oblast, Ukraine"
land_market_average_price_per_ga,Рівненська область,UA56000000000066151,,54299.07,,-1,,,11,2025,"Rivne Oblast, Ukraine"
land_market_average_price_per_ga,Сумська область,UA59000000000057109,,35925.39,,-1,,,11,2025,"Sumy Oblast, Ukraine"
land_market_average_price_per_ga,Тернопільська область,UA61000000000060328,,69934.51,,-1,,,11,2025,"Ternopil Oblast, Ukraine"
land_market_average_price_per_ga,Харківська область,UA63000000000041885,,37301.99,,-1,,,11,2025,"Kharkiv Oblast, Ukraine"
land_market_average_price_per_ga,Херсонська область,UA65000000000030969,,25510.05,,-1,,,11,2025,"Kherson Oblast, Ukraine"
land_market_average_price_per_ga,Хмельницька область,UA68000000000099709,,52685.93,,-1,,,11,2025,"Khmelnytskyi Oblast, Ukraine"
land_market_average_price_per_ga,Черкаська область,UA71000000000010357,,48930.98,,-1,,,11,2025,"Cherkasy Oblast, Ukraine"
land_market_average_price_per_ga,Чернівецька область,UA73000000000044923,,59653.03,,-1,,,11,2025,"Chernivtsi Oblast, Ukraine"
land_market_average_price_per_ga,Чернігівська область,UA74000000000025378,,37371.19,,-1,,,11,2025,"Chernihiv Oblast, Ukraine"
land_market_average_price_per_ga,Україна,UA00000000000000000,,62396.44,,-1,,,12,2025,Ukraine
land_market_average_price_per_ga,Вінницька область,UA05000000000010236,,56005.9,,-1,,,12,2025,"Vinnytsia Oblast, Ukraine"
land_market_average_price_per_ga,Волинська область,UA07000000000024379,,45765.41,,-1,,,12,2025,"Volyn Oblast, Ukraine"
land_market_average_price_per_ga,Дніпропетровська область,UA12000000000090473,,40882.8,,-1,,,12,2025,"Dnipropetrovsk Oblast, Ukraine"
land_market_average_price_per_ga,Донецька область,UA14000000000091971,,29996.84,,-1,,,12,2025,"Donetsk Oblast, Ukraine"
land_market_average_price_per_ga,Житомирська область,UA18000000000041385,,44232.63,,-1,,,12,2025,"Zhytomyr Oblast, Ukraine"
land_market_average_price_per_ga,Закарпатська область,UA21000000000011690,,68908.9,,-1,,,12,2025,"Zakarpattia Oblast, Ukraine"
land_market_average_price_per_ga,Запорізька область,UA23000000000064947,,29143.55,,-1,,,12,2025,"Zaporizhzhia Oblast, Ukraine"
land_market_average_price_per_ga,Івано-Франківська область,UA26000000000069363,,139464.03,,-1,,,12,2025,"Ivano-Frankivsk Oblast, Ukraine"
land_market_average_price_per_ga,Київська область,UA32000000000030281,,90330.78,,-1,,,12,2025,"Kyiv Oblast, Ukraine"
land_market_average_price_per_ga,Кіровоградська область,UA35000000000016081,,40081.1,,-1,,,12,2025,"Kirovohrad Oblast, Ukraine"
land_market_average_price_per_ga,Луганська область,UA44000000000018893,,25874.9,,-1,,,12,2025,"Luhansk Oblast, Ukraine"
land_market_average_price_per_ga,Львівська область,UA46000000000026241,,101450.27,,-1,,,12,2025,"Lviv Oblast, Ukraine"
land_market_average_price_per_ga,Миколаївська область,UA48000000000039575,,32156.21,,-1,,,12,2025,"Mykolaiv Oblast, Ukraine"
land_market_average_price_per_ga,Одеська область,UA51000000000030770,,38057.62,,-1,,,12,2025,"Odesa Oblast, Ukraine"
land_market_average_price_per_ga,Полтавська область,UA53000000000028050,,54868.38,,-1,,,12,2025,"Poltava Oblast, Ukraine"
land_market_average_price_per_ga,Рівненська область,UA56000000000066151,,54692.15,,-1,,,12,2025,"Rivne Oblast, Ukraine"
land_market_average_price_per_ga,Сумська область,UA59000000000057109,,35645.23,,-1,,,12,2025,"Sumy Oblast, Ukraine"
land_market_average_price_per_ga,Тернопільська область,UA61000000000060328,,71010.46,,-1,,,12,2025,"Ternopil Oblast, Ukraine"
land_market_average_price_per_ga,Харківська область,UA63000000000041885,,37629.54,,-1,,,12,2025,"Kharkiv Oblast, Ukraine"
land_market_average_price_per_ga,Херсонська область,UA65000000000030969,,25530.94,,-1,,,12,2025,"Kherson Oblast, Ukraine"
land_market_average_price_per_ga,Хмельницька область,UA68000000000099709,,51666.8,,-1,,,12,2025,"Khmelnytskyi Oblast, Ukraine"
land_market_average_price_per_ga,Черкаська область,UA71000000000010357,,49178.84,,-1,,,12,2025,"Cherkasy Oblast, Ukraine"
land_market_average_price_per_ga,Чернівецька область,UA73000000000044923,,60729.01,,-1,,,12,2025,"Chernivtsi Oblast, Ukraine"
land_market_average_price_per_ga,Чернігівська область,UA74000000000025378,,38795.64,,-1,,,12,2025,"Chernihiv Oblast, Ukraine"
land_market_average_price_per_ga,Україна,UA00000000000000000,,92858.79,,-1,,,1,2026,Ukraine
land_market_average_price_per_ga,Вінницька область,UA05000000000010236,,56607.97,,-1,,,1,2026,"Vinnytsia Oblast, Ukraine"
land_market_average_price_per_ga,Волинська область,UA07000000000024379,,45906.22,,-1,,,1,2026,"Volyn Oblast, Ukraine"
land_market_average_price_per_ga,Дніпропетровська область,UA12000000000090473,,40918.85,,-1,,,1,2026,"Dnipropetrovsk Oblast, Ukraine"
land_market_average_price_per_ga,Донецька область,UA14000000000091971,,29895.55,,-1,,,1,2026,"Donetsk Oblast, Ukraine"
land_market_average_price_per_ga,Житомирська область,UA18000000000041385,,44570.93,,-1,,,1,2026,"Zhytomyr Oblast, Ukraine"
land_market_average_price_per_ga,Закарпатська область,UA21000000000011690,,69346.38,,-1,,,1,2026,"Zakarpattia Oblast, Ukraine"
land_market_average_price_per_ga,Запорізька область,UA23000000000064947,,29194.07,,-1,,,1,2026,"Zaporizhzhia Oblast, Ukraine"
land_market_average_price_per_ga,Івано-Франківська область,UA26000000000069363,,139978.54,,-1,,,1,2026,"Ivano-Frankivsk Oblast, Ukraine"
land_market_average_price_per_ga,Київська область,UA32000000000030281,,95606.41,,-1,,,1,2026,"Kyiv Oblast, Ukraine"
land_market_average_price_per_ga,Кіровоградська область,UA35000000000016081,,40319.33,,-1,,,1,2026,"Kirovohrad Oblast, Ukraine"
land_market_average_price_per_ga,Луганська область,UA44000000000018893,,25874.9,,-1,,,1,2026,"Luhansk Oblast, Ukraine"
land_market_average_price_per_ga,Львівська область,UA46000000000026241,,102476.11,,-1,,,1,2026,"Lviv Oblast, Ukraine"
land_market_average_price_per_ga,Миколаївська область,UA48000000000039575,,32211.76,,-1,,,1,2026,"Mykolaiv Oblast, Ukraine"
land_market_average_price_per_ga,Одеська область,UA51000000000030770,,38361.1,,-1,,,1,2026,"Odesa Oblast, Ukraine"
land_market_average_price_per_ga,Полтавська область,UA53000000000028050,,55313.27,,-1,,,1,2026,"Poltava Oblast, Ukraine"
land_market_average_price_per_ga,Рівненська область,UA56000000000066151,,55200.04,,-1,,,1,2026,"Rivne Oblast, Ukraine"
land_market_average_price_per_ga,Сумська область,UA59000000000057109,,36811.43,,-1,,,1,2026,"Sumy Oblast, Ukraine"
land_market_average_price_per_ga,Тернопільська область,UA61000000000060328,,72314.72,,-1,,,1,2026,"Ternopil Oblast, Ukraine"
land_market_average_price_per_ga,Харківська область,UA63000000000041885,,38285.04,,-1,,,1,2026,"Kharkiv Oblast, Ukraine"
land_market_average_price_per_ga,Херсонська область,UA65000000000030969,,25589.53,,-1,,,1,2026,"Kherson Oblast, Ukraine"
land_market_average_price_per_ga,Хмельницька область,UA68000000000099709,,51928.19,,-1,,,1,2026,"Khmelnytskyi Oblast, Ukraine"
land_market_average_price_per_ga,Черкаська область,UA71000000000010357,,49361.46,,-1,,,1,2026,"Cherkasy Oblast, Ukraine"
land_market_average_price_per_ga,Чернівецька область,UA73000000000044923,,61013,,-1,,,1,2026,"Chernivtsi Oblast, Ukraine"
land_market_average_price_per_ga,Чернігівська область,UA74000000000025378,,39039.72,,-1,,,1,2026,"Chernihiv Oblast, Ukraine"
land_market_average_price_per_ga,Україна,UA00000000000000000,,68976.19,,-1,,,2,2026,Ukraine
land_market_average_price_per_ga,Вінницька область,UA05000000000010236,,57404.7,,-1,,,2,2026,"Vinnytsia Oblast, Ukraine"
land_market_average_price_per_ga,Волинська область,UA07000000000024379,,46494.37,,-1,,,2,2026,"Volyn Oblast, Ukraine"
land_market_average_price_per_ga,Дніпропетровська область,UA12000000000090473,,41005.17,,-1,,,2,2026,"Dnipropetrovsk Oblast, Ukraine"
land_market_average_price_per_ga,Донецька область,UA14000000000091971,,29896.06,,-1,,,2,2026,"Donetsk Oblast, Ukraine"
land_market_average_price_per_ga,Житомирська область,UA18000000000041385,,44840.31,,-1,,,2,2026,"Zhytomyr Oblast, Ukraine"
land_market_average_price_per_ga,Закарпатська область,UA21000000000011690,,69549.05,,-1,,,2,2026,"Zakarpattia Oblast, Ukraine"
land_market_average_price_per_ga,Запорізька область,UA23000000000064947,,29595.95,,-1,,,2,2026,"Zaporizhzhia Oblast, Ukraine"
land_market_average_price_per_ga,Івано-Франківська область,UA26000000000069363,,140274.33,,-1,,,2,2026,"Ivano-Frankivsk Oblast, Ukraine"
land_market_average_price_per_ga,Київська область,UA32000000000030281,,95808.34,,-1,,,2,2026,"Kyiv Oblast, Ukraine"
land_market_average_price_per_ga,Кіровоградська область,UA35000000000016081,,40728.48,,-1,,,2,2026,"Kirovohrad Oblast, Ukraine"
land_market_average_price_per_ga,Луганська область,UA44000000000018893,,25874.9,,-1,,,2,2026,"Luhansk Oblast, Ukraine"
land_market_average_price_per_ga,Львівська область,UA46000000000026241,,103910.79,,-1,,,2,2026,"Lviv Oblast, Ukraine"
land_market_average_price_per_ga,Миколаївська область,UA48000000000039575,,32347.68,,-1,,,2,2026,"Mykolaiv Oblast, Ukraine"
land_market_average_price_per_ga,Одеська область,UA51000000000030770,,38521.03,,-1,,,2,2026,"Odesa Oblast, Ukraine"
land_market_average_price_per_ga,Полтавська область,UA53000000000028050,,55781.22,,-1,,,2,2026,"Poltava Oblast, Ukraine"
land_market_average_price_per_ga,Рівненська область,UA56000000000066151,,55254.91,,-1,,,2,2026,"Rivne Oblast, Ukraine"
land_market_average_price_per_ga,Сумська область,UA59000000000057109,,36954.38,,-1,,,2,2026,"Sumy Oblast, Ukraine"
land_market_average_price_per_ga,Тернопільська область,UA61000000000060328,,72675.45,,-1,,,2,2026,"Ternopil Oblast, Ukraine"
land_market_average_price_per_ga,Харківська область,UA63000000000041885,,38454.04,,-1,,,2,2026,"Kharkiv Oblast, Ukraine"
land_market_average_price_per_ga,Херсонська область,UA65000000000030969,,25616.5,,-1,,,2,2026,"Kherson Oblast, Ukraine"
land_market_average_price_per_ga,Хмельницька область,UA68000000000099709,,52502.23,,-1,,,2,2026,"Khmelnytskyi Oblast, Ukraine"
land_market_average_price_per_ga,Черкаська область,UA71000000000010357,,49655.66,,-1,,,2,2026,"Cherkasy Oblast, Ukraine"
land_market_average_price_per_ga,Чернівецька область,UA73000000000044923,,61169.93,,-1,,,2,2026,"Chernivtsi Oblast, Ukraine"
land_market_average_price_per_ga,Чернігівська область,UA74000000000025378,,39604.63,,-1,,,2,2026,"Chernihiv Oblast, Ukraine"
land_market_average_price_per_ga,Україна,UA00000000000000000,,73277.91,,-1,,,3,2026,Ukraine
land_market_average_price_per_ga,Вінницька область,UA05000000000010236,,58670.56,,-1,,,3,2026,"Vinnytsia Oblast, Ukraine"
land_market_average_price_per_ga,Волинська область,UA07000000000024379,,47701.96,,-1,,,3,2026,"Volyn Oblast, Ukraine"
land_market_average_price_per_ga,Дніпропетровська область,UA12000000000090473,,41084.14,,-1,,,3,2026,"Dnipropetrovsk Oblast, Ukraine"
land_market_average_price_per_ga,Донецька область,UA14000000000091971,,29997.64,,-1,,,3,2026,"Donetsk Oblast, Ukraine"
land_market_average_price_per_ga,Житомирська область,UA18000000000041385,,45349.83,,-1,,,3,2026,"Zhytomyr Oblast, Ukraine"
land_market_average_price_per_ga,Закарпатська область,UA21000000000011690,,70732.03,,-1,,,3,2026,"Zakarpattia Oblast, Ukraine"
land_market_average_price_per_ga,Запорізька область,UA23000000000064947,,29743.14,,-1,,,3,2026,"Zaporizhzhia Oblast, Ukraine"
land_market_average_price_per_ga,Івано-Франківська область,UA26000000000069363,,140998.4,,-1,,,3,2026,"Ivano-Frankivsk Oblast, Ukraine"
land_market_average_price_per_ga,Київська область,UA32000000000030281,,98004.04,,-1,,,3,2026,"Kyiv Oblast, Ukraine"
land_market_average_price_per_ga,Кіровоградська область,UA35000000000016081,,41126.13,,-1,,,3,2026,"Kirovohrad Oblast, Ukraine"
land_market_average_price_per_ga,Луганська область,UA44000000000018893,,25874.9,,-1,,,3,2026,"Luhansk Oblast, Ukraine"
land_market_average_price_per_ga,Львівська область,UA46000000000026241,,104379.03,,-1,,,3,2026,"Lviv Oblast, Ukraine"
land_market_average_price_per_ga,Миколаївська область,UA48000000000039575,,32828.19,,-1,,,3,2026,"Mykolaiv Oblast, Ukraine"
land_market_average_price_per_ga,Одеська область,UA51000000000030770,,38680.57,,-1,,,3,2026,"Odesa Oblast, Ukraine"
land_market_average_price_per_ga,Полтавська область,UA53000000000028050,,56677.23,,-1,,,3,2026,"Poltava Oblast, Ukraine"
land_market_average_price_per_ga,Рівненська область,UA56000000000066151,,55876.7,,-1,,,3,2026,"Rivne Oblast, Ukraine"
land_market_average_price_per_ga,Сумська область,UA59000000000057109,,37099.99,,-1,,,3,2026,"Sumy Oblast, Ukraine"
land_market_average_price_per_ga,Тернопільська область,UA61000000000060328,,73452.35,,-1,,,3,2026,"Ternopil Oblast, Ukraine"
land_market_average_price_per_ga,Харківська область,UA63000000000041885,,38649.01,,-1,,,3,2026,"Kharkiv Oblast, Ukraine"
land_market_average_price_per_ga,Херсонська область,UA65000000000030969,,25673.27,,-1,,,3,2026,"Kherson Oblast, Ukraine"
land_market_average_price_per_ga,Хмельницька область,UA68000000000099709,,53501.84,,-1,,,3,2026,"Khmelnytskyi Oblast, Ukraine"
land_market_average_price_per_ga,Черкаська область,UA71000000000010357,,50177.96,,-1,,,3,2026,"Cherkasy Oblast, Ukraine"
land_market_average_price_per_ga,Чернівецька область,UA73000000000044923,,61583.25,,-1,,,3,2026,"Chernivtsi Oblast, Ukraine"
land_market_average_price_per_ga,Чернігівська область,UA74000000000025378,,40103.49,,-1,,,3,2026,"Chernihiv Oblast, Ukraine"